pais;codigo;anyo;investigacion_pib
Argentina;ARG;1996;0.41749
Argentina;ARG;1997;0.41959
Argentina;ARG;1998;0.41131
Argentina;ARG;1999;0.45337
Argentina;ARG;2000;0.43884
Argentina;ARG;2001;0.42461
Argentina;ARG;2002;0.38886
Argentina;ARG;2003;0.41013
Argentina;ARG;2004;0.40376
Argentina;ARG;2005;0.42074
Argentina;ARG;2006;0.45216
Argentina;ARG;2007;0.46007
Argentina;ARG;2008;0.47055
Argentina;ARG;2009;0.58398
Argentina;ARG;2010;0.56104
Argentina;ARG;2011;0.56597
Argentina;ARG;2012;0.63491
Argentina;ARG;2013;0.61849
Argentina;ARG;2014;0.59396
Argentina;ARG;2015;0.62262
Argentina;ARG;2016;0.55815
Argentina;ARG;2017;0.55631
Argentina;ARG;2018;0.4883
Argentina;ARG;2019;0.47813
Argentina;ARG;2020;0.54126
Argentina;ARG;2021;0.52216
Argentina;ARG;2022;0.54947
Australia;AUS;1996;1.66218
Australia;AUS;1998;1.51351
Australia;AUS;2000;1.57198
Australia;AUS;2002;1.74654
Australia;AUS;2004;1.84802
Australia;AUS;2006;2.17862
Australia;AUS;2008;2.39898
Australia;AUS;2010;2.37009
Australia;AUS;2011;2.23445
Australia;AUS;2013;2.17709
Australia;AUS;2015;1.91902
Australia;AUS;2017;1.87919
Australia;AUS;2019;1.8257
Australia;AUS;2021;1.85509
Austria;AUT;1996;1.58077
Austria;AUT;1997;1.65491
Austria;AUT;1998;1.73155
Austria;AUT;1999;1.84537
Austria;AUT;2000;1.88602
Austria;AUT;2001;1.9921
Austria;AUT;2002;2.06598
Austria;AUT;2003;2.17456
Austria;AUT;2004;2.16612
Austria;AUT;2005;2.37324
Austria;AUT;2006;2.35923
Austria;AUT;2007;2.41843
Austria;AUT;2008;2.56945
Austria;AUT;2009;2.59674
Austria;AUT;2010;2.7261
Austria;AUT;2011;2.66868
Austria;AUT;2012;2.91472
Austria;AUT;2013;2.95492
Austria;AUT;2014;3.08429
Austria;AUT;2015;3.04969
Austria;AUT;2016;3.11655
Austria;AUT;2017;3.05656
Austria;AUT;2018;3.09182
Austria;AUT;2019;3.13265
Austria;AUT;2020;3.20278
Austria;AUT;2021;3.26361
Austria;AUT;2022;3.20048
Azerbaiyán;AZE;1996;0.23533
Azerbaiyán;AZE;1997;0.3695
Azerbaiyán;AZE;1998;0.42125
Azerbaiyán;AZE;1999;0.39289
Azerbaiyán;AZE;2000;0.336
Azerbaiyán;AZE;2001;0.34001
Azerbaiyán;AZE;2002;0.30155
Azerbaiyán;AZE;2003;0.32496
Azerbaiyán;AZE;2004;0.29831
Azerbaiyán;AZE;2005;0.21994
Azerbaiyán;AZE;2006;0.17165
Azerbaiyán;AZE;2007;0.17006
Azerbaiyán;AZE;2008;0.16554
Azerbaiyán;AZE;2009;0.24976
Azerbaiyán;AZE;2010;0.21848
Azerbaiyán;AZE;2011;0.21084
Azerbaiyán;AZE;2012;0.21427
Azerbaiyán;AZE;2013;0.20969
Azerbaiyán;AZE;2014;0.20978
Azerbaiyán;AZE;2015;0.22232
Azerbaiyán;AZE;2016;0.20637
Azerbaiyán;AZE;2017;0.18468
Azerbaiyán;AZE;2018;0.18416
Azerbaiyán;AZE;2019;0.20013
Azerbaiyán;AZE;2020;0.2239
Azerbaiyán;AZE;2021;0.20836
Azerbaiyán;AZE;2022;0.1513
Azerbaiyán;AZE;2023;0.18178
Bielorrusia;BLR;1996;0.99852
Bielorrusia;BLR;1997;0.73
Bielorrusia;BLR;1998;0.70578
Bielorrusia;BLR;1999;0.84523
Bielorrusia;BLR;2000;0.7221
Bielorrusia;BLR;2001;0.70876
Bielorrusia;BLR;2002;0.6209
Bielorrusia;BLR;2003;0.61147
Bielorrusia;BLR;2004;0.62759
Bielorrusia;BLR;2005;0.67852
Bielorrusia;BLR;2006;0.66065
Bielorrusia;BLR;2007;0.96203
Bielorrusia;BLR;2008;0.74147
Bielorrusia;BLR;2009;0.62167
Bielorrusia;BLR;2010;0.66913
Bielorrusia;BLR;2011;0.6776
Bielorrusia;BLR;2012;0.64603
Bielorrusia;BLR;2013;0.65191
Bielorrusia;BLR;2014;0.50548
Bielorrusia;BLR;2015;0.49999
Bielorrusia;BLR;2016;0.50063
Bielorrusia;BLR;2017;0.58411
Bielorrusia;BLR;2018;0.60443
Bielorrusia;BLR;2019;0.57733
Bielorrusia;BLR;2020;0.53901
Bielorrusia;BLR;2021;0.45981
Bielorrusia;BLR;2022;0.47477
Bielorrusia;BLR;2023;0.57843
Bélgica;BEL;1996;1.74299
Bélgica;BEL;1997;1.80971
Bélgica;BEL;1998;1.83825
Bélgica;BEL;1999;1.90565
Bélgica;BEL;2000;1.9362
Bélgica;BEL;2001;2.03279
Bélgica;BEL;2002;1.90325
Bélgica;BEL;2003;1.84119
Bélgica;BEL;2004;1.8205
Bélgica;BEL;2005;1.79061
Bélgica;BEL;2006;1.82269
Bélgica;BEL;2007;1.84999
Bélgica;BEL;2008;1.93684
Bélgica;BEL;2009;1.9986
Bélgica;BEL;2010;2.06188
Bélgica;BEL;2011;2.17332
Bélgica;BEL;2012;2.28114
Bélgica;BEL;2013;2.33073
Bélgica;BEL;2014;2.37002
Bélgica;BEL;2015;2.42817
Bélgica;BEL;2016;2.52338
Bélgica;BEL;2017;2.66666
Bélgica;BEL;2018;2.86018
Bélgica;BEL;2019;3.1566
Bélgica;BEL;2020;3.39175
Bélgica;BEL;2021;3.39239
Bélgica;BEL;2022;3.40544
Bosnia y Herzegovina;BIH;2003;0.01826
Bosnia y Herzegovina;BIH;2004;0.0159
Bosnia y Herzegovina;BIH;2005;0.02697
Bosnia y Herzegovina;BIH;2006;0.01969
Bosnia y Herzegovina;BIH;2007;0.02521
Bosnia y Herzegovina;BIH;2008;0.01842
Bosnia y Herzegovina;BIH;2009;0.02106
Bosnia y Herzegovina;BIH;2012;0.26533
Bosnia y Herzegovina;BIH;2013;0.32132
Bosnia y Herzegovina;BIH;2014;0.25725
Bosnia y Herzegovina;BIH;2015;0.21603
Bosnia y Herzegovina;BIH;2016;0.21337
Bosnia y Herzegovina;BIH;2017;0.1978
Bosnia y Herzegovina;BIH;2018;0.19199
Bosnia y Herzegovina;BIH;2019;0.19001
Bosnia y Herzegovina;BIH;2020;0.20325
Bosnia y Herzegovina;BIH;2021;0.19035
Bosnia y Herzegovina;BIH;2022;0.18743
Bosnia y Herzegovina;BIH;2023;0.19228
Bulgaria;BGR;1996;0.41826
Bulgaria;BGR;1997;0.46548
Bulgaria;BGR;1998;0.48223
Bulgaria;BGR;1999;0.53688
Bulgaria;BGR;2000;0.49517
Bulgaria;BGR;2001;0.44709
Bulgaria;BGR;2002;0.46473
Bulgaria;BGR;2003;0.47222
Bulgaria;BGR;2004;0.47086
Bulgaria;BGR;2005;0.44269
Bulgaria;BGR;2006;0.44216
Bulgaria;BGR;2007;0.43003
Bulgaria;BGR;2008;0.44731
Bulgaria;BGR;2009;0.49338
Bulgaria;BGR;2010;0.56299
Bulgaria;BGR;2011;0.5295
Bulgaria;BGR;2012;0.60039
Bulgaria;BGR;2013;0.63424
Bulgaria;BGR;2014;0.79007
Bulgaria;BGR;2015;0.94947
Bulgaria;BGR;2016;0.77009
Bulgaria;BGR;2017;0.74037
Bulgaria;BGR;2018;0.75413
Bulgaria;BGR;2019;0.83274
Bulgaria;BGR;2020;0.84967
Bulgaria;BGR;2021;0.77278
Bulgaria;BGR;2022;0.75421
Canadá;CAN;1996;1.60682
Canadá;CAN;1997;1.61386
Canadá;CAN;1998;1.71051
Canadá;CAN;1999;1.74985
Canadá;CAN;2000;1.85848
Canadá;CAN;2001;2.02117
Canadá;CAN;2002;1.97171
Canadá;CAN;2003;1.96781
Canadá;CAN;2004;1.99734
Canadá;CAN;2005;1.97127
Canadá;CAN;2006;1.94304
Canadá;CAN;2007;1.90358
Canadá;CAN;2008;1.85578
Canadá;CAN;2009;1.91742
Canadá;CAN;2010;1.82504
Canadá;CAN;2011;1.78714
Canadá;CAN;2012;1.77304
Canadá;CAN;2013;1.70624
Canadá;CAN;2014;1.71483
Canadá;CAN;2015;1.69359
Canadá;CAN;2016;1.72903
Canadá;CAN;2017;1.68702
Canadá;CAN;2018;1.7372
Canadá;CAN;2019;1.75578
Canadá;CAN;2020;1.93414
Canadá;CAN;2021;1.86431
Canadá;CAN;2022;1.71166
Canadá;CAN;2023;1.70133
Chile;CHL;2007;0.31143
Chile;CHL;2008;0.37492
Chile;CHL;2009;0.35403
Chile;CHL;2010;0.33165
Chile;CHL;2011;0.35288
Chile;CHL;2012;0.36213
Chile;CHL;2013;0.3903
Chile;CHL;2014;0.37668
Chile;CHL;2015;0.38296
Chile;CHL;2016;0.37103
Chile;CHL;2017;0.35679
Chile;CHL;2018;0.36916
Chile;CHL;2019;0.34243
Chile;CHL;2020;0.33525
Chile;CHL;2021;0.36041
República Popular China;CHN;1996;0.56324
República Popular China;CHN;1997;0.63873
República Popular China;CHN;1998;0.64689
República Popular China;CHN;1999;0.74963
República Popular China;CHN;2000;0.89316
República Popular China;CHN;2001;0.94033
República Popular China;CHN;2002;1.05786
República Popular China;CHN;2003;1.12037
República Popular China;CHN;2004;1.21498
República Popular China;CHN;2005;1.30792
República Popular China;CHN;2006;1.36854
República Popular China;CHN;2007;1.37369
República Popular China;CHN;2008;1.44592
República Popular China;CHN;2009;1.6648
República Popular China;CHN;2010;1.71372
República Popular China;CHN;2011;1.78034
República Popular China;CHN;2012;1.91214
República Popular China;CHN;2013;1.99786
República Popular China;CHN;2014;2.02243
República Popular China;CHN;2015;2.05701
República Popular China;CHN;2016;2.10033
República Popular China;CHN;2017;2.11603
República Popular China;CHN;2018;2.14058
República Popular China;CHN;2019;2.24463
República Popular China;CHN;2020;2.40666
República Popular China;CHN;2021;2.4326
República Popular China;CHN;2022;2.55518
Colombia;COL;2000;0.13106
Colombia;COL;2001;0.1329
Colombia;COL;2002;0.15559
Colombia;COL;2003;0.17398
Colombia;COL;2004;0.16964
Colombia;COL;2005;0.16557
Colombia;COL;2006;0.16427
Colombia;COL;2007;0.18307
Colombia;COL;2008;0.19541
Colombia;COL;2009;0.19351
Colombia;COL;2010;0.19358
Colombia;COL;2011;0.19842
Colombia;COL;2012;0.22116
Colombia;COL;2013;0.25761
Colombia;COL;2014;0.30317
Colombia;COL;2015;0.36542
Colombia;COL;2016;0.27051
Colombia;COL;2017;0.26109
Colombia;COL;2018;0.31233
Colombia;COL;2019;0.32201
Colombia;COL;2020;0.2894
Croacia;HRV;1999;0.83179
Croacia;HRV;2000;1.0425
Croacia;HRV;2001;0.91762
Croacia;HRV;2002;0.94087
Croacia;HRV;2003;0.94069
Croacia;HRV;2004;1.02002
Croacia;HRV;2005;0.84776
Croacia;HRV;2006;0.73211
Croacia;HRV;2007;0.78299
Croacia;HRV;2008;0.87568
Croacia;HRV;2009;0.83304
Croacia;HRV;2010;0.73055
Croacia;HRV;2011;0.73646
Croacia;HRV;2012;0.73725
Croacia;HRV;2013;0.79513
Croacia;HRV;2014;0.76902
Croacia;HRV;2015;0.82378
Croacia;HRV;2016;0.84433
Croacia;HRV;2017;0.8415
Croacia;HRV;2018;0.94312
Croacia;HRV;2019;1.07027
Croacia;HRV;2020;1.22989
Croacia;HRV;2021;1.23124
Croacia;HRV;2022;1.40323
Chipre;CYP;1998;0.20331
Chipre;CYP;1999;0.21806
Chipre;CYP;2000;0.2269
Chipre;CYP;2001;0.23694
Chipre;CYP;2002;0.27967
Chipre;CYP;2003;0.31834
Chipre;CYP;2004;0.33564
Chipre;CYP;2005;0.36727
Chipre;CYP;2006;0.38346
Chipre;CYP;2007;0.40007
Chipre;CYP;2008;0.38594
Chipre;CYP;2009;0.44437
Chipre;CYP;2010;0.44292
Chipre;CYP;2011;0.45263
Chipre;CYP;2012;0.43765
Chipre;CYP;2013;0.48485
Chipre;CYP;2014;0.51205
Chipre;CYP;2015;0.47529
Chipre;CYP;2016;0.5197
Chipre;CYP;2017;0.54259
Chipre;CYP;2018;0.61405
Chipre;CYP;2019;0.70945
Chipre;CYP;2020;0.83654
Chipre;CYP;2021;0.8003
Chipre;CYP;2022;0.74527
República Checa;CZE;1996;0.88912
República Checa;CZE;1997;0.98819
República Checa;CZE;1998;1.06022
República Checa;CZE;1999;1.04957
República Checa;CZE;2000;1.10997
República Checa;CZE;2001;1.09871
República Checa;CZE;2002;1.09819
República Checa;CZE;2003;1.1421
República Checa;CZE;2004;1.13935
República Checa;CZE;2005;1.161
República Checa;CZE;2006;1.22542
República Checa;CZE;2007;1.29572
República Checa;CZE;2008;1.23358
República Checa;CZE;2009;1.28656
República Checa;CZE;2010;1.3267
República Checa;CZE;2011;1.54477
República Checa;CZE;2012;1.76967
República Checa;CZE;2013;1.87924
República Checa;CZE;2014;1.95833
República Checa;CZE;2015;1.91689
República Checa;CZE;2016;1.67003
República Checa;CZE;2017;1.76855
República Checa;CZE;2018;1.89906
República Checa;CZE;2019;1.92734
República Checa;CZE;2020;1.98599
República Checa;CZE;2021;1.99601
República Checa;CZE;2022;1.9642
Dinamarca;DNK;1996;1.80667
Dinamarca;DNK;1997;1.88914
Dinamarca;DNK;1998;2.00619
Dinamarca;DNK;1999;2.12764
Dinamarca;DNK;2000;2.1862
Dinamarca;DNK;2001;2.32466
Dinamarca;DNK;2002;2.44145
Dinamarca;DNK;2003;2.51085
Dinamarca;DNK;2004;2.41916
Dinamarca;DNK;2005;2.39337
Dinamarca;DNK;2006;2.403
Dinamarca;DNK;2007;2.51541
Dinamarca;DNK;2008;2.77346
Dinamarca;DNK;2009;3.05514
Dinamarca;DNK;2010;2.91707
Dinamarca;DNK;2011;2.94465
Dinamarca;DNK;2012;2.98125
Dinamarca;DNK;2013;2.97048
Dinamarca;DNK;2014;2.91409
Dinamarca;DNK;2015;3.05497
Dinamarca;DNK;2016;3.09283
Dinamarca;DNK;2017;2.93124
Dinamarca;DNK;2018;2.96603
Dinamarca;DNK;2019;2.89685
Dinamarca;DNK;2020;2.97258
Dinamarca;DNK;2021;2.76142
Dinamarca;DNK;2022;2.89051
Egipto;EGY;1996;0.2126
Egipto;EGY;1997;0.19756
Egipto;EGY;1998;0.1991
Egipto;EGY;1999;0.18651
Egipto;EGY;2000;0.19247
Egipto;EGY;2004;0.26994
Egipto;EGY;2005;0.24141
Egipto;EGY;2006;0.25903
Egipto;EGY;2007;0.2551
Egipto;EGY;2008;0.27024
Egipto;EGY;2009;0.43312
Egipto;EGY;2010;0.43345
Egipto;EGY;2011;0.53154
Egipto;EGY;2012;0.50899
Egipto;EGY;2013;0.63895
Egipto;EGY;2014;0.63649
Egipto;EGY;2015;0.71858
Egipto;EGY;2016;0.70848
Egipto;EGY;2017;0.64486
Egipto;EGY;2018;0.68839
Egipto;EGY;2019;0.79617
Egipto;EGY;2020;0.91564
Egipto;EGY;2021;0.91175
Egipto;EGY;2022;1.01968
Egipto;EGY;2023;1.03356
Islas Feroe;FRO;2003;0.85253
Finlandia;FIN;1996;2.45256
Finlandia;FIN;1997;2.62158
Finlandia;FIN;1998;2.78443
Finlandia;FIN;1999;3.05619
Finlandia;FIN;2000;3.24138
Finlandia;FIN;2001;3.19372
Finlandia;FIN;2002;3.25308
Finlandia;FIN;2003;3.29822
Finlandia;FIN;2004;3.30907
Finlandia;FIN;2005;3.3237
Finlandia;FIN;2006;3.33216
Finlandia;FIN;2007;3.33704
Finlandia;FIN;2008;3.53697
Finlandia;FIN;2009;3.73402
Finlandia;FIN;2010;3.70532
Finlandia;FIN;2011;3.61806
Finlandia;FIN;2012;3.39832
Finlandia;FIN;2013;3.27137
Finlandia;FIN;2014;3.14751
Finlandia;FIN;2015;2.87196
Finlandia;FIN;2016;2.72442
Finlandia;FIN;2017;2.72787
Finlandia;FIN;2018;2.75749
Finlandia;FIN;2019;2.79961
Finlandia;FIN;2020;2.91243
Finlandia;FIN;2021;2.9885
Finlandia;FIN;2022;2.96469
Francia;FRA;1996;2.2228
Francia;FRA;1997;2.14699
Francia;FRA;1998;2.09476
Francia;FRA;1999;2.10767
Francia;FRA;2000;2.09346
Francia;FRA;2001;2.13804
Francia;FRA;2002;2.17449
Francia;FRA;2003;2.11994
Francia;FRA;2004;2.09461
Francia;FRA;2005;2.05151
Francia;FRA;2006;2.05094
Francia;FRA;2007;2.02451
Francia;FRA;2008;2.06117
Francia;FRA;2009;2.21207
Francia;FRA;2010;2.17857
Francia;FRA;2011;2.19161
Francia;FRA;2012;2.22707
Francia;FRA;2013;2.23703
Francia;FRA;2014;2.27592
Francia;FRA;2015;2.22702
Francia;FRA;2016;2.22238
Francia;FRA;2017;2.19888
Francia;FRA;2018;2.19666
Francia;FRA;2019;2.19179
Francia;FRA;2020;2.27464
Francia;FRA;2021;2.21808
Francia;FRA;2022;2.23312
Alemania;DEU;1996;2.14461
Alemania;DEU;1997;2.18832
Alemania;DEU;1998;2.21613
Alemania;DEU;1999;2.34779
Alemania;DEU;2000;2.40982
Alemania;DEU;2001;2.40437
Alemania;DEU;2002;2.43622
Alemania;DEU;2003;2.47461
Alemania;DEU;2004;2.43519
Alemania;DEU;2005;2.44193
Alemania;DEU;2006;2.47232
Alemania;DEU;2007;2.46048
Alemania;DEU;2008;2.61513
Alemania;DEU;2009;2.74266
Alemania;DEU;2010;2.73024
Alemania;DEU;2011;2.80555
Alemania;DEU;2012;2.88166
Alemania;DEU;2013;2.83599
Alemania;DEU;2014;2.87784
Alemania;DEU;2015;2.93379
Alemania;DEU;2016;2.94039
Alemania;DEU;2017;3.0471
Alemania;DEU;2018;3.11011
Alemania;DEU;2019;3.16701
Alemania;DEU;2020;3.13136
Alemania;DEU;2021;3.12882
Alemania;DEU;2022;3.13236
Grecia;GRC;1997;0.4291
Grecia;GRC;1999;0.56823
Grecia;GRC;2001;0.55948
Grecia;GRC;2003;0.54654
Grecia;GRC;2004;0.5273
Grecia;GRC;2005;0.57896
Grecia;GRC;2006;0.56118
Grecia;GRC;2007;0.57655
Grecia;GRC;2008;0.66183
Grecia;GRC;2009;0.62557
Grecia;GRC;2010;0.60347
Grecia;GRC;2011;0.68426
Grecia;GRC;2012;0.71005
Grecia;GRC;2013;0.81478
Grecia;GRC;2014;0.83998
Grecia;GRC;2015;0.96605
Grecia;GRC;2016;1.00529
Grecia;GRC;2017;1.15228
Grecia;GRC;2018;1.21371
Grecia;GRC;2019;1.27499
Grecia;GRC;2020;1.51149
Grecia;GRC;2021;1.45782
Grecia;GRC;2022;1.48596
Guatemala;GTM;2005;0.03556
Guatemala;GTM;2006;0.0501
Guatemala;GTM;2007;0.06782
Guatemala;GTM;2008;0.0629
Guatemala;GTM;2009;0.0562
Guatemala;GTM;2010;0.04421
Guatemala;GTM;2011;0.04894
Guatemala;GTM;2012;0.04543
Guatemala;GTM;2013;0.03916
Guatemala;GTM;2014;0.02949
Guatemala;GTM;2015;0.03064
Guatemala;GTM;2016;0.02311
Guatemala;GTM;2017;0.02955
Guatemala;GTM;2018;0.02938
Guatemala;GTM;2019;0.02642
Guatemala;GTM;2020;0.04888
Guatemala;GTM;2021;0.05863
Hong Kong;HKG;1998;0.4283
Hong Kong;HKG;1999;0.45767
Hong Kong;HKG;2000;0.46493
Hong Kong;HKG;2001;0.53645
Hong Kong;HKG;2002;0.58147
Hong Kong;HKG;2003;0.68027
Hong Kong;HKG;2004;0.72176
Hong Kong;HKG;2005;0.77343
Hong Kong;HKG;2006;0.79468
Hong Kong;HKG;2007;0.75161
Hong Kong;HKG;2008;0.71996
Hong Kong;HKG;2009;0.77342
Hong Kong;HKG;2010;0.74946
Hong Kong;HKG;2011;0.72086
Hong Kong;HKG;2012;0.72733
Hong Kong;HKG;2013;0.73017
Hong Kong;HKG;2014;0.74014
Hong Kong;HKG;2015;0.76183
Hong Kong;HKG;2016;0.7915
Hong Kong;HKG;2017;0.83519
Hong Kong;HKG;2018;0.8633
Hong Kong;HKG;2019;0.92557
Hong Kong;HKG;2020;0.99236
Hong Kong;HKG;2021;0.97026
Hong Kong;HKG;2022;1.07288
Hong Kong;HKG;2023;1.10339
Hungría;HUN;1996;0.63027
Hungría;HUN;1997;0.69895
Hungría;HUN;1998;0.65711
Hungría;HUN;1999;0.67186
Hungría;HUN;2000;0.79096
Hungría;HUN;2001;0.9131
Hungría;HUN;2002;0.98355
Hungría;HUN;2003;0.91883
Hungría;HUN;2004;0.8599
Hungría;HUN;2005;0.91951
Hungría;HUN;2006;0.9774
Hungría;HUN;2007;0.95445
Hungría;HUN;2008;0.97757
Hungría;HUN;2009;1.12802
Hungría;HUN;2010;1.12865
Hungría;HUN;2011;1.17925
Hungría;HUN;2012;1.25423
Hungría;HUN;2013;1.3841
Hungría;HUN;2014;1.3446
Hungría;HUN;2015;1.33959
Hungría;HUN;2016;1.17987
Hungría;HUN;2017;1.31702
Hungría;HUN;2018;1.50775
Hungría;HUN;2019;1.47291
Hungría;HUN;2020;1.59252
Hungría;HUN;2021;1.64379
Hungría;HUN;2022;1.39473
Islandia;ISL;1997;1.79808
Islandia;ISL;1998;1.95099
Islandia;ISL;1999;2.23506
Islandia;ISL;2000;2.57201
Islandia;ISL;2001;2.83989
Islandia;ISL;2002;2.8212
Islandia;ISL;2003;2.7055
Islandia;ISL;2005;2.67969
Islandia;ISL;2006;2.85266
Islandia;ISL;2007;2.53294
Islandia;ISL;2008;2.46414
Islandia;ISL;2009;2.59713
Islandia;ISL;2011;2.40367
Islandia;ISL;2013;1.69238
Islandia;ISL;2014;1.93616
Islandia;ISL;2015;2.18138
Islandia;ISL;2016;2.11011
Islandia;ISL;2017;2.08365
Islandia;ISL;2018;2.00081
Islandia;ISL;2019;2.34018
Islandia;ISL;2020;2.4864
Islandia;ISL;2021;2.77875
Islandia;ISL;2022;2.6004
India;IND;1996;0.63905
India;IND;1997;0.68669
India;IND;1998;0.70379
India;IND;1999;0.72413
India;IND;2000;0.75699
India;IND;2001;0.73591
India;IND;2002;0.72567
India;IND;2003;0.71929
India;IND;2004;0.7569
India;IND;2005;0.82411
India;IND;2006;0.80473
India;IND;2007;0.80507
India;IND;2008;0.85876
India;IND;2009;0.83314
India;IND;2010;0.78849
India;IND;2011;0.75502
India;IND;2012;0.74399
India;IND;2013;0.70642
India;IND;2014;0.70159
India;IND;2015;0.6931
India;IND;2016;0.66984
India;IND;2017;0.66603
India;IND;2018;0.66001
India;IND;2019;0.65942
India;IND;2020;0.64558
Irlanda;IRL;1996;1.27156
Irlanda;IRL;1997;1.24271
Irlanda;IRL;1998;1.20801
Irlanda;IRL;1999;1.15141
Irlanda;IRL;2000;1.08383
Irlanda;IRL;2001;1.05194
Irlanda;IRL;2002;1.05575
Irlanda;IRL;2003;1.12435
Irlanda;IRL;2004;1.17778
Irlanda;IRL;2005;1.19197
Irlanda;IRL;2006;1.19887
Irlanda;IRL;2007;1.23408
Irlanda;IRL;2008;1.39126
Irlanda;IRL;2009;1.61371
Irlanda;IRL;2010;1.59477
Irlanda;IRL;2011;1.55153
Irlanda;IRL;2012;1.56028
Irlanda;IRL;2013;1.56908
Irlanda;IRL;2014;1.51798
Irlanda;IRL;2015;1.17974
Irlanda;IRL;2016;1.17716
Irlanda;IRL;2017;1.24866
Irlanda;IRL;2018;1.10698
Irlanda;IRL;2019;1.16068
Irlanda;IRL;2020;1.14551
Irlanda;IRL;2021;1.11065
Irlanda;IRL;2022;0.96264
Israel;ISR;1996;2.48851
Israel;ISR;1997;2.70895
Israel;ISR;1998;2.8187
Israel;ISR;1999;3.22512
Israel;ISR;2000;3.82652
Israel;ISR;2001;4.0644
Israel;ISR;2002;4.00064
Israel;ISR;2003;3.76454
Israel;ISR;2004;3.74903
Israel;ISR;2005;3.92282
Israel;ISR;2006;4.01998
Israel;ISR;2007;4.29998
Israel;ISR;2008;4.25512
Israel;ISR;2009;4.04516
Israel;ISR;2010;3.86329
Israel;ISR;2011;3.93521
Israel;ISR;2012;4.08052
Israel;ISR;2013;4.11678
Israel;ISR;2014;4.20531
Israel;ISR;2015;4.29841
Israel;ISR;2016;4.58822
Israel;ISR;2017;4.74306
Israel;ISR;2018;4.91451
Israel;ISR;2019;5.33099
Israel;ISR;2020;5.79681
Israel;ISR;2021;5.78276
Israel;ISR;2022;6.01924
Italia;ITA;1996;0.9459
Italia;ITA;1997;0.98769
Italia;ITA;1998;1.00487
Italia;ITA;1999;0.98065
Italia;ITA;2000;1.00364
Italia;ITA;2001;1.0407
Italia;ITA;2002;1.08124
Italia;ITA;2003;1.05894
Italia;ITA;2004;1.05025
Italia;ITA;2005;1.04435
Italia;ITA;2006;1.08401
Italia;ITA;2007;1.12899
Italia;ITA;2008;1.15972
Italia;ITA;2009;1.21787
Italia;ITA;2010;1.21797
Italia;ITA;2011;1.20155
Italia;ITA;2012;1.26219
Italia;ITA;2013;1.30107
Italia;ITA;2014;1.3384
Italia;ITA;2015;1.3385
Italia;ITA;2016;1.36642
Italia;ITA;2017;1.37013
Italia;ITA;2018;1.42443
Italia;ITA;2019;1.46159
Italia;ITA;2020;1.5066
Italia;ITA;2021;1.42658
Italia;ITA;2022;1.39014
Japón;JPN;1996;2.64303
Japón;JPN;1997;2.72177
Japón;JPN;1998;2.82745
Japón;JPN;1999;2.84672
Japón;JPN;2000;2.85841
Japón;JPN;2001;2.92348
Japón;JPN;2002;2.96514
Japón;JPN;2003;2.9932
Japón;JPN;2004;2.98125
Japón;JPN;2005;3.13092
Japón;JPN;2006;3.22766
Japón;JPN;2007;3.29257
Japón;JPN;2008;3.29224
Japón;JPN;2009;3.1959
Japón;JPN;2010;3.10495
Japón;JPN;2011;3.20537
Japón;JPN;2012;3.17371
Japón;JPN;2013;3.27896
Japón;JPN;2014;3.36788
Japón;JPN;2015;3.24071
Japón;JPN;2016;3.10666
Japón;JPN;2017;3.16636
Japón;JPN;2018;3.2192
Japón;JPN;2019;3.21824
Japón;JPN;2020;3.26458
Japón;JPN;2021;3.27677
Japón;JPN;2022;3.40537
Lituania;LTU;1996;0.4917
Lituania;LTU;1997;0.53667
Lituania;LTU;1998;0.54381
Lituania;LTU;1999;0.50206
Lituania;LTU;2000;0.58553
Lituania;LTU;2001;0.66762
Lituania;LTU;2002;0.65755
Lituania;LTU;2003;0.66413
Lituania;LTU;2004;0.7514
Lituania;LTU;2005;0.74821
Lituania;LTU;2006;0.79204
Lituania;LTU;2007;0.80174
Lituania;LTU;2008;0.78932
Lituania;LTU;2009;0.83084
Lituania;LTU;2010;0.7833
Lituania;LTU;2011;0.90269
Lituania;LTU;2012;0.89304
Lituania;LTU;2013;0.94872
Lituania;LTU;2014;1.03011
Lituania;LTU;2015;1.04341
Lituania;LTU;2016;0.84241
Lituania;LTU;2017;0.89626
Lituania;LTU;2018;0.93662
Lituania;LTU;2019;0.99266
Lituania;LTU;2020;1.13261
Lituania;LTU;2021;1.10436
Lituania;LTU;2022;1.05319
Luxemburgo;LUX;2000;1.58314
Luxemburgo;LUX;2003;1.6235
Luxemburgo;LUX;2004;1.58819
Luxemburgo;LUX;2005;1.55873
Luxemburgo;LUX;2006;1.64886
Luxemburgo;LUX;2007;1.57165
Luxemburgo;LUX;2008;1.54663
Luxemburgo;LUX;2009;1.58839
Luxemburgo;LUX;2010;1.42373
Luxemburgo;LUX;2011;1.42453
Luxemburgo;LUX;2012;1.20664
Luxemburgo;LUX;2013;1.23381
Luxemburgo;LUX;2014;1.217
Luxemburgo;LUX;2015;1.25226
Luxemburgo;LUX;2016;1.2669
Luxemburgo;LUX;2017;1.23898
Luxemburgo;LUX;2018;1.1718
Luxemburgo;LUX;2019;1.18177
Luxemburgo;LUX;2020;1.09584
Luxemburgo;LUX;2021;1.0412
Luxemburgo;LUX;2022;0.97653
México;MEX;1996;0.23838
México;MEX;1997;0.26404
México;MEX;1998;0.28519
México;MEX;1999;0.32719
México;MEX;2000;0.29205
México;MEX;2001;0.30815
México;MEX;2002;0.33745
México;MEX;2003;0.37454
México;MEX;2004;0.37053
México;MEX;2005;0.38103
México;MEX;2006;0.35298
México;MEX;2007;0.38039
México;MEX;2008;0.42416
México;MEX;2009;0.45748
México;MEX;2010;0.47353
México;MEX;2011;0.45268
México;MEX;2012;0.40284
México;MEX;2013;0.40806
México;MEX;2014;0.41962
México;MEX;2015;0.41477
México;MEX;2016;0.37601
México;MEX;2017;0.31955
México;MEX;2018;0.29816
México;MEX;2019;0.27606
México;MEX;2020;0.29191
México;MEX;2021;0.27378
México;MEX;2022;0.25782
México;MEX;2023;0.26819
Países Bajos;NLD;1996;1.84093
Países Bajos;NLD;1997;1.84477
Países Bajos;NLD;1998;1.74206
Países Bajos;NLD;1999;1.82282
Países Bajos;NLD;2000;1.7898
Países Bajos;NLD;2001;1.79609
Países Bajos;NLD;2002;1.74543
Países Bajos;NLD;2003;1.7839
Países Bajos;NLD;2004;1.78901
Países Bajos;NLD;2005;1.77388
Países Bajos;NLD;2006;1.74067
Países Bajos;NLD;2007;1.6703
Países Bajos;NLD;2008;1.62269
Países Bajos;NLD;2009;1.6657
Países Bajos;NLD;2010;1.70404
Países Bajos;NLD;2011;1.88131
Países Bajos;NLD;2012;1.91627
Países Bajos;NLD;2013;2.15606
Países Bajos;NLD;2014;2.1733
Países Bajos;NLD;2015;2.14606
Países Bajos;NLD;2016;2.15081
Países Bajos;NLD;2017;2.17857
Países Bajos;NLD;2018;2.1388
Países Bajos;NLD;2019;2.18435
Países Bajos;NLD;2020;2.32182
Países Bajos;NLD;2021;2.26877
Países Bajos;NLD;2022;2.25533
Nueva Zelanda;NZL;1997;1.05649
Nueva Zelanda;NZL;1999;0.96387
Nueva Zelanda;NZL;2001;1.10029
Nueva Zelanda;NZL;2003;1.14891
Nueva Zelanda;NZL;2005;1.12043
Nueva Zelanda;NZL;2007;1.15764
Nueva Zelanda;NZL;2009;1.25214
Nueva Zelanda;NZL;2011;1.23222
Nueva Zelanda;NZL;2013;1.15337
Nueva Zelanda;NZL;2015;1.22789
Nueva Zelanda;NZL;2017;1.34905
Nueva Zelanda;NZL;2019;1.40803
Nueva Zelanda;NZL;2021;1.46569
Nigeria;NGA;2007;0.13223
Nigeria;NGA;2019;0.28444
Noruega;NOR;1997;1.5935
Noruega;NOR;1999;1.60437
Noruega;NOR;2001;1.5602
Noruega;NOR;2002;1.62645
Noruega;NOR;2003;1.67572
Noruega;NOR;2004;1.53975
Noruega;NOR;2005;1.47715
Noruega;NOR;2006;1.44972
Noruega;NOR;2007;1.55794
Noruega;NOR;2008;1.54556
Noruega;NOR;2009;1.71678
Noruega;NOR;2010;1.6412
Noruega;NOR;2011;1.61714
Noruega;NOR;2012;1.61053
Noruega;NOR;2013;1.64216
Noruega;NOR;2014;1.70369
Noruega;NOR;2015;1.9235
Noruega;NOR;2016;2.03287
Noruega;NOR;2017;2.08167
Noruega;NOR;2018;2.03482
Noruega;NOR;2019;2.136
Noruega;NOR;2020;2.24436
Noruega;NOR;2021;1.88764
Noruega;NOR;2022;1.55752
Pakistán;PAK;1997;0.15565
Pakistán;PAK;1998;0.10919
Pakistán;PAK;1999;0.1159
Pakistán;PAK;2000;0.09536
Pakistán;PAK;2001;0.12408
Pakistán;PAK;2002;0.16228
Pakistán;PAK;2005;0.32946
Pakistán;PAK;2007;0.52343
Pakistán;PAK;2009;0.40218
Pakistán;PAK;2011;0.30491
Pakistán;PAK;2013;0.26179
Pakistán;PAK;2015;0.22193
Pakistán;PAK;2017;0.21214
Pakistán;PAK;2019;0.17475
Pakistán;PAK;2021;0.16431
Pakistán;PAK;2023;0.16375
Perú;PER;1997;0.0836
Perú;PER;1998;0.10072
Perú;PER;1999;0.09849
Perú;PER;2000;0.11266
Perú;PER;2001;0.11096
Perú;PER;2002;0.10614
Perú;PER;2003;0.10813
Perú;PER;2004;0.15578
Perú;PER;2011;0.08282
Perú;PER;2012;0.0553
Perú;PER;2013;0.08174
Perú;PER;2014;0.10805
Perú;PER;2015;0.11702
Perú;PER;2016;0.12008
Perú;PER;2017;0.12085
Perú;PER;2018;0.12683
Perú;PER;2019;0.15696
Perú;PER;2020;0.17229
Perú;PER;2021;0.13752
Perú;PER;2022;0.16178
Polonia;POL;1996;0.63937
Polonia;POL;1997;0.64315
Polonia;POL;1998;0.65971
Polonia;POL;1999;0.68055
Polonia;POL;2000;0.64078
Polonia;POL;2001;0.62159
Polonia;POL;2002;0.55675
Polonia;POL;2003;0.53806
Polonia;POL;2004;0.5525
Polonia;POL;2005;0.56278
Polonia;POL;2006;0.55102
Polonia;POL;2007;0.56193
Polonia;POL;2008;0.59944
Polonia;POL;2009;0.66106
Polonia;POL;2010;0.72619
Polonia;POL;2011;0.75221
Polonia;POL;2012;0.88997
Polonia;POL;2013;0.88483
Polonia;POL;2014;0.95076
Polonia;POL;2015;1.00423
Polonia;POL;2016;0.96821
Polonia;POL;2017;1.03785
Polonia;POL;2018;1.2061
Polonia;POL;2019;1.32335
Polonia;POL;2020;1.38608
Polonia;POL;2021;1.43183
Polonia;POL;2022;1.45383
Portugal;PRT;1996;0.5495
Portugal;PRT;1997;0.56374
Portugal;PRT;1998;0.62486
Portugal;PRT;1999;0.68121
Portugal;PRT;2000;0.72156
Portugal;PRT;2001;0.76482
Portugal;PRT;2002;0.72183
Portugal;PRT;2003;0.69802
Portugal;PRT;2004;0.7293
Portugal;PRT;2005;0.75755
Portugal;PRT;2006;0.95448
Portugal;PRT;2007;1.12417
Portugal;PRT;2008;1.44335
Portugal;PRT;2009;1.58001
Portugal;PRT;2010;1.53529
Portugal;PRT;2011;1.45741
Portugal;PRT;2012;1.37861
Portugal;PRT;2013;1.32468
Portugal;PRT;2014;1.28992
Portugal;PRT;2015;1.2433
Portugal;PRT;2016;1.28075
Portugal;PRT;2017;1.31928
Portugal;PRT;2018;1.34955
Portugal;PRT;2019;1.39562
Portugal;PRT;2020;1.61392
Portugal;PRT;2021;1.67051
Portugal;PRT;2022;1.70179
Rumania;ROU;1996;0.67472
Rumania;ROU;1997;0.57451
Rumania;ROU;1998;0.49541
Rumania;ROU;1999;0.39832
Rumania;ROU;2000;0.36626
Rumania;ROU;2001;0.39129
Rumania;ROU;2002;0.37721
Rumania;ROU;2003;0.39708
Rumania;ROU;2004;0.38942
Rumania;ROU;2005;0.41262
Rumania;ROU;2006;0.45682
Rumania;ROU;2007;0.51148
Rumania;ROU;2008;0.55215
Rumania;ROU;2009;0.44395
Rumania;ROU;2010;0.44666
Rumania;ROU;2011;0.47459
Rumania;ROU;2012;0.4624
Rumania;ROU;2013;0.39024
Rumania;ROU;2014;0.38208
Rumania;ROU;2015;0.48796
Rumania;ROU;2016;0.48864
Rumania;ROU;2017;0.50693
Rumania;ROU;2018;0.49729
Rumania;ROU;2019;0.47616
Rumania;ROU;2020;0.46538
Rumania;ROU;2021;0.47234
Rumania;ROU;2022;0.45881
Rusia y Unión Soviética;RUS;1996;0.96592
Rusia y Unión Soviética;RUS;1997;1.04374
Rusia y Unión Soviética;RUS;1998;0.95383
Rusia y Unión Soviética;RUS;1999;0.99623
Rusia y Unión Soviética;RUS;2000;1.04983
Rusia y Unión Soviética;RUS;2001;1.17694
Rusia y Unión Soviética;RUS;2002;1.24652
Rusia y Unión Soviética;RUS;2003;1.28603
Rusia y Unión Soviética;RUS;2004;1.15133
Rusia y Unión Soviética;RUS;2005;1.06797
Rusia y Unión Soviética;RUS;2006;1.07294
Rusia y Unión Soviética;RUS;2007;1.11611
Rusia y Unión Soviética;RUS;2008;1.04435
Rusia y Unión Soviética;RUS;2009;1.25192
Rusia y Unión Soviética;RUS;2010;1.1302
Rusia y Unión Soviética;RUS;2011;1.01545
Rusia y Unión Soviética;RUS;2012;1.02766
Rusia y Unión Soviética;RUS;2013;1.02732
Rusia y Unión Soviética;RUS;2014;1.07241
Rusia y Unión Soviética;RUS;2015;1.10085
Rusia y Unión Soviética;RUS;2016;1.10238
Rusia y Unión Soviética;RUS;2017;1.10967
Rusia y Unión Soviética;RUS;2018;0.99002
Rusia y Unión Soviética;RUS;2019;1.03531
Rusia y Unión Soviética;RUS;2020;1.09099
Rusia y Unión Soviética;RUS;2021;0.95857
Rusia y Unión Soviética;RUS;2022;0.92527
Santa Lucía;LCA;1998;0.57395
Santa Lucía;LCA;1999;0.27374
Eslovenia;SVN;1996;1.26473
Eslovenia;SVN;1997;1.24643
Eslovenia;SVN;1998;1.30515
Eslovenia;SVN;1999;1.33688
Eslovenia;SVN;2000;1.35982
Eslovenia;SVN;2001;1.46767
Eslovenia;SVN;2002;1.44325
Eslovenia;SVN;2003;1.24792
Eslovenia;SVN;2004;1.37026
Eslovenia;SVN;2005;1.41778
Eslovenia;SVN;2006;1.53705
Eslovenia;SVN;2007;1.42703
Eslovenia;SVN;2008;1.62673
Eslovenia;SVN;2009;1.81184
Eslovenia;SVN;2010;2.05133
Eslovenia;SVN;2011;2.41297
Eslovenia;SVN;2012;2.56061
Eslovenia;SVN;2013;2.56487
Eslovenia;SVN;2014;2.36548
Eslovenia;SVN;2015;2.19565
Eslovenia;SVN;2016;2.00764
Eslovenia;SVN;2017;1.8653
Eslovenia;SVN;2018;1.94593
Eslovenia;SVN;2019;2.03922
Eslovenia;SVN;2020;2.14156
Eslovenia;SVN;2021;2.128
Eslovenia;SVN;2022;2.09525
Sudáfrica;ZAF;1997;0.52694
Sudáfrica;ZAF;2001;0.64224
Sudáfrica;ZAF;2003;0.6765
Sudáfrica;ZAF;2004;0.72681
Sudáfrica;ZAF;2005;0.77024
Sudáfrica;ZAF;2006;0.80291
Sudáfrica;ZAF;2007;0.79364
Sudáfrica;ZAF;2008;0.80567
Sudáfrica;ZAF;2009;0.74993
Sudáfrica;ZAF;2010;0.66284
Sudáfrica;ZAF;2011;0.66753
Sudáfrica;ZAF;2012;0.66934
Sudáfrica;ZAF;2013;0.6633
Sudáfrica;ZAF;2014;0.70987
Sudáfrica;ZAF;2015;0.73147
Sudáfrica;ZAF;2016;0.74992
Sudáfrica;ZAF;2017;0.76257
Sudáfrica;ZAF;2018;0.68586
Sudáfrica;ZAF;2019;0.61304
Sudáfrica;ZAF;2020;0.6024
Sudáfrica;ZAF;2021;0.61503
Sudáfrica;ZAF;2022;0.61729
Corea del Sur;KOR;1996;2.21616
Corea del Sur;KOR;1997;2.2483
Corea del Sur;KOR;1998;2.11026
Corea del Sur;KOR;1999;2.01567
Corea del Sur;KOR;2000;2.12519
Corea del Sur;KOR;2001;2.27865
Corea del Sur;KOR;2002;2.20774
Corea del Sur;KOR;2003;2.27722
Corea del Sur;KOR;2004;2.44214
Corea del Sur;KOR;2005;2.5229
Corea del Sur;KOR;2006;2.71934
Corea del Sur;KOR;2007;2.87258
Corea del Sur;KOR;2008;2.98887
Corea del Sur;KOR;2009;3.14669
Corea del Sur;KOR;2010;3.31578
Corea del Sur;KOR;2011;3.59199
Corea del Sur;KOR;2012;3.8504
Corea del Sur;KOR;2013;3.95124
Corea del Sur;KOR;2014;4.07786
Corea del Sur;KOR;2015;3.9782
Corea del Sur;KOR;2016;3.98704
Corea del Sur;KOR;2017;4.29206
Corea del Sur;KOR;2018;4.51633
Corea del Sur;KOR;2019;4.62703
Corea del Sur;KOR;2020;4.79571
Corea del Sur;KOR;2021;4.90988
Corea del Sur;KOR;2022;5.21081
España;ESP;1996;0.78753
España;ESP;1997;0.77781
España;ESP;1998;0.84804
España;ESP;1999;0.83854
España;ESP;2000;0.88276
España;ESP;2001;0.88833
España;ESP;2002;0.95971
España;ESP;2003;1.02373
España;ESP;2004;1.04089
España;ESP;2005;1.09956
España;ESP;2006;1.17702
España;ESP;2007;1.24053
España;ESP;2008;1.325
España;ESP;2009;1.36364
España;ESP;2010;1.35996
España;ESP;2011;1.33341
España;ESP;2012;1.29876
España;ESP;2013;1.27482
España;ESP;2014;1.24159
España;ESP;2015;1.22179
España;ESP;2016;1.18986
España;ESP;2017;1.20977
España;ESP;2018;1.24151
España;ESP;2019;1.25025
España;ESP;2020;1.4091
España;ESP;2021;1.41122
España;ESP;2022;1.43532
Suecia;SWE;1997;3.27394
Suecia;SWE;1999;3.38132
Suecia;SWE;2001;3.8738
Suecia;SWE;2003;3.57948
Suecia;SWE;2004;3.36129
Suecia;SWE;2005;3.35958
Suecia;SWE;2006;3.475
Suecia;SWE;2007;3.23383
Suecia;SWE;2008;3.46999
Suecia;SWE;2009;3.39528
Suecia;SWE;2010;3.16789
Suecia;SWE;2011;3.18702
Suecia;SWE;2012;3.23025
Suecia;SWE;2013;3.26042
Suecia;SWE;2014;3.10184
Suecia;SWE;2015;3.21903
Suecia;SWE;2016;3.24736
Suecia;SWE;2017;3.36279
Suecia;SWE;2018;3.32106
Suecia;SWE;2019;3.38758
Suecia;SWE;2020;3.4896
Suecia;SWE;2021;3.40216
Suecia;SWE;2022;3.40822
Suiza;CHE;1996;2.37649
Suiza;CHE;2000;2.26386
Suiza;CHE;2004;2.60818
Suiza;CHE;2008;2.65296
Suiza;CHE;2012;2.87457
Suiza;CHE;2015;3.07832
Suiza;CHE;2017;3.07698
Suiza;CHE;2019;3.1968
Suiza;CHE;2021;3.30645
Trinidad y Tobago;TTO;1996;0.10325
Trinidad y Tobago;TTO;1997;0.11553
Trinidad y Tobago;TTO;1998;0.12715
Trinidad y Tobago;TTO;1999;0.12292
Trinidad y Tobago;TTO;2000;0.108
Trinidad y Tobago;TTO;2001;0.10417
Trinidad y Tobago;TTO;2002;0.13178
Trinidad y Tobago;TTO;2003;0.11501
Trinidad y Tobago;TTO;2004;0.11441
Trinidad y Tobago;TTO;2005;0.11431
Trinidad y Tobago;TTO;2006;0.07233
Trinidad y Tobago;TTO;2007;0.05922
Trinidad y Tobago;TTO;2008;0.03072
Trinidad y Tobago;TTO;2009;0.05665
Trinidad y Tobago;TTO;2010;0.04771
Trinidad y Tobago;TTO;2011;0.04024
Trinidad y Tobago;TTO;2012;0.04126
Trinidad y Tobago;TTO;2013;0.05382
Trinidad y Tobago;TTO;2014;0.07599
Trinidad y Tobago;TTO;2015;0.07996
Trinidad y Tobago;TTO;2016;0.08626
Trinidad y Tobago;TTO;2017;0.08519
Trinidad y Tobago;TTO;2018;0.08139
Trinidad y Tobago;TTO;2019;0.0596
Trinidad y Tobago;TTO;2020;0.06512
Trinidad y Tobago;TTO;2021;0.05374
Trinidad y Tobago;TTO;2022;0.0478
Turquía;TUR;1996;0.45159
Turquía;TUR;1997;0.49168
Turquía;TUR;1998;0.36198
Turquía;TUR;1999;0.45557
Turquía;TUR;2000;0.46558
Turquía;TUR;2001;0.52247
Turquía;TUR;2002;0.50904
Turquía;TUR;2003;0.46532
Turquía;TUR;2004;0.49713
Turquía;TUR;2005;0.56381
Turquía;TUR;2006;0.55292
Turquía;TUR;2007;0.68616
Turquía;TUR;2008;0.68741
Turquía;TUR;2009;0.80362
Turquía;TUR;2010;0.79369
Turquía;TUR;2011;0.79393
Turquía;TUR;2012;0.82595
Turquía;TUR;2013;0.81206
Turquía;TUR;2014;0.8564
Turquía;TUR;2015;0.96732
Turquía;TUR;2016;1.11979
Turquía;TUR;2017;1.17632
Turquía;TUR;2018;1.27093
Turquía;TUR;2019;1.3196
Turquía;TUR;2020;1.36748
Turquía;TUR;2021;1.40209
Turquía;TUR;2022;1.32343
Ucrania;UKR;1997;1.1923
Ucrania;UKR;1998;1.06993
Ucrania;UKR;1999;0.96968
Ucrania;UKR;2000;0.92904
Ucrania;UKR;2001;0.98944
Ucrania;UKR;2002;0.96269
Ucrania;UKR;2003;1.07166
Ucrania;UKR;2004;1.04392
Ucrania;UKR;2005;0.99518
Ucrania;UKR;2006;0.91403
Ucrania;UKR;2007;0.81869
Ucrania;UKR;2008;0.80991
Ucrania;UKR;2009;0.82596
Ucrania;UKR;2010;0.80279
Ucrania;UKR;2011;0.7109
Ucrania;UKR;2012;0.72363
Ucrania;UKR;2013;0.733
Ucrania;UKR;2014;0.65034
Ucrania;UKR;2015;0.61477
Ucrania;UKR;2016;0.48339
Ucrania;UKR;2017;0.44879
Ucrania;UKR;2018;0.47113
Ucrania;UKR;2019;0.43384
Ucrania;UKR;2020;0.40318
Ucrania;UKR;2021;0.38478
Ucrania;UKR;2022;0.32673
Ucrania;UKR;2023;0.32653
Reino Unido;GBR;1996;1.5754
Reino Unido;GBR;1997;1.53729
Reino Unido;GBR;1998;1.54777
Reino Unido;GBR;1999;1.62269
Reino Unido;GBR;2000;1.60963
Reino Unido;GBR;2001;1.59545
Reino Unido;GBR;2002;1.61383
Reino Unido;GBR;2003;1.58131
Reino Unido;GBR;2004;1.53089
Reino Unido;GBR;2005;1.55004
Reino Unido;GBR;2006;1.57626
Reino Unido;GBR;2007;1.6183
Reino Unido;GBR;2008;1.60901
Reino Unido;GBR;2009;1.66991
Reino Unido;GBR;2010;1.63886
Reino Unido;GBR;2011;1.64681
Reino Unido;GBR;2012;1.57587
Reino Unido;GBR;2013;1.62096
Reino Unido;GBR;2014;2.26488
Reino Unido;GBR;2015;2.27566
Reino Unido;GBR;2016;2.32052
Reino Unido;GBR;2017;2.32602
Reino Unido;GBR;2018;2.71124
Reino Unido;GBR;2019;2.6708
Reino Unido;GBR;2020;2.93883
Reino Unido;GBR;2021;2.89711
Estados Unidos;USA;1996;2.45013
Estados Unidos;USA;1997;2.47714
Estados Unidos;USA;1998;2.49621
Estados Unidos;USA;1999;2.54362
Estados Unidos;USA;2000;2.61983
Estados Unidos;USA;2001;2.63715
Estados Unidos;USA;2002;2.54745
Estados Unidos;USA;2003;2.55015
Estados Unidos;USA;2004;2.48686
Estados Unidos;USA;2005;2.50193
Estados Unidos;USA;2006;2.54545
Estados Unidos;USA;2007;2.61516
Estados Unidos;USA;2008;2.74481
Estados Unidos;USA;2009;2.79181
Estados Unidos;USA;2010;2.71444
Estados Unidos;USA;2011;2.73803
Estados Unidos;USA;2012;2.67273
Estados Unidos;USA;2013;2.69592
Estados Unidos;USA;2014;2.70881
Estados Unidos;USA;2015;2.77328
Estados Unidos;USA;2016;2.83676
Estados Unidos;USA;2017;2.88357
Estados Unidos;USA;2018;2.99045
Estados Unidos;USA;2019;3.14704
Estados Unidos;USA;2020;3.42467
Estados Unidos;USA;2021;3.48313
Estados Unidos;USA;2022;3.58623
Venezuela;VEN;2005;0.18907
Venezuela;VEN;2006;0.31742
Venezuela;VEN;2007;0.2011
Venezuela;VEN;2008;0.23803
Venezuela;VEN;2009;0.24014
Venezuela;VEN;2010;0.18823
Venezuela;VEN;2011;0.15296
Venezuela;VEN;2012;0.2501
Venezuela;VEN;2013;0.31853
Venezuela;VEN;2014;0.33713
Venezuela;VEN;2015;0.44
Venezuela;VEN;2016;0.69
